model,mae,mse,rmse,trend_match
DLinear,30.785501,32176.965939,44.02141,46.975383
Linear,22.417012,13350.692959,29.538028,46.972688
NLinear,7.645403,3800.899407,15.433472,47.041317
RLinear_NN,7.539569,3791.831929,15.406844,47.106902
RLinear_OLS,185.196619,666378.277978,200.726751,0.0
