model,mae,mse,rmse,trend_match
iTransformer,7.625391,3855.4062,15.533462,47.054064302602136
