model,mae,mse,rmse,trend_match
DLinear,30.7855,32176.967,44.02141,46.975383
Linear,22.417013,13350.692,29.538029,46.972688
NLinear,7.645402,3800.8997,15.433472,47.041317
