model,mae,mse,rmse,trend_match
PatchTST,7.690396,3751.391,15.34156,47.00478626086258
