model,mae,mse,rmse,trend_match
RLinear_NN,7.539569,3791.831929,15.406844,47.106902
RLinear_OLS,185.196619,666378.277978,200.726751,
